{ 
    "ASTar BC G+ (development)": {
        "AMP": "0.125 - 64.0", 
        "CLI": "0.015 - 16.0", 
        "CTL": "0.03125 - 16.0",
        "CIP": "0.0625 - 8.0", 
        "COX": "0.25 - 16.0", 
        "CRX": "0.0078125 - 16.0", 
        "CTO": "0.03125 - 16.0",
        "DAL": "0.015 - 1.0",
        "DPT": "0.03125 - 16.0",
        "ERY": "0.015 - 16.0",
        "GEN": "128.0 - 500.0", 
        "IMI": "0.03125 - 16.0", 
        "LEV": "0.03125 - 16.0", 
        "LIN": "0.125 - 16.0",
        "MER": "0.0078125 - 8.0",
        "PEN": "0.015 - 32.0",
        "RIF": "0.002 - 8.0",
        "TEI": "0.03125 - 16.0",
        "TET": "0.015 - 32.0",
        "TRS": "0.0625 - 16.0",
        "VAN": "0.125 - 64.0", 
        "AMP_fast": "0.0078125 - 16.0",
        "CLI_fast": "0.0078125 - 16.0", 
        "ERY_fast": "0.004 - 4.0",
        "LIN_fast": "0.0625 - 8.0",
        "PEN_fast": "0.078125 - 16.0",
        "TEI_fast": "0.03125 - 8.0",
        "TET_fast": "0.015 - 16.0",
        "TRS_fast": "0.0625 - 8.0",
        "VAN_fast": "0.015 - 8.0" }

}